0,43.102652175,141.318442775
1,43.105926375,141.344501425
2,43.062657474999995,141.35668475
3,43.05850667142857,141.35771332857144
4,43.0529139,141.36017805
5,43.0563406375,141.3582852625
6,43.0550077235294,141.3534457235294
7,43.056134799999995,141.3637801
8,43.0840143,141.45622400000002
9,43.084534149999996,141.441914
10,43.094286925,141.44237205000002
11,43.0944355,141.432428175
12,43.075509579999995,141.40227504
13,43.063571675000006,141.32712095
14,43.06808345,141.36030485
15,43.050302339999995,141.43497392
16,43.0675622,141.38519483333334
17,43.0960321,141.41926224999997
18,43.07569305,141.34668077499998
19,43.0731693,141.39636602000002
20,43.071937033333334,141.39760573333334
21,43.07971655,141.376197475
22,43.07956822,141.37513278
23,43.081868111111106,141.3746076666667
24,43.082760775,141.3813463125
25,43.08283319999999,141.38350708999997
26,43.086202875,141.3860826
27,43.09952037777778,141.38853575555558
28,43.088935119999995,141.39913108000002
29,43.0922315,141.39110595
30,43.08587755999999,141.40613068
31,43.09073441666666,141.409812
32,43.130043640000004,141.44001868
33,43.125898379999995,141.41217836
34,43.11723595,141.43309925
35,43.1123873,141.4264976
36,43.09076256666666,141.4172686
37,43.1019203,141.41848624
38,43.10805924,141.43238418
39,43.09761639999999,141.41517195
40,43.12308603333333,141.41403290000002
41,43.07785405,141.4048045
42,43.0949986,141.4131543
43,43.093832899999995,141.41225659999998
44,43.09300035,141.4169357
45,43.0948409,141.4225523
46,43.0989297,141.42559288
47,43.09783638333332,141.40603403333333
48,43.09732038,141.4010362
49,43.065995,141.379493675
50,43.0669203625,141.37874245
51,43.06822041428571,141.37776572857143
52,43.06767537499999,141.375656625
53,43.06413863333333,141.34956076666666
54,43.06504137500001,141.3560984
55,43.06669732,141.35050866
56,43.064372442857135,141.35114222857143
57,43.061830775000004,141.350141825
58,43.06645138333334,141.34896146666668
59,43.06976124,141.34652832
60,43.065176750000006,141.347684775
61,43.06557091538462,141.35080755384612
62,43.062124725,141.35168224999998
63,43.06030089,141.35052808
64,43.06809825,141.4013269375
65,43.06447712000001,141.40487928000002
66,43.05245931666667,141.40355723333332
67,43.06631868,141.34739574
68,43.10449366666668,141.39437412499998
69,43.11410155,141.40160170000001
70,43.1079381,141.3906914
71,43.10532035,141.3903964125
72,43.101084799999995,141.42052635
73,43.096822575000004,141.41721065000002
74,43.1282022125,141.41845479999998
75,43.0930735,141.3888716875
76,43.093724120000005,141.38652962
77,43.09433756,141.38328201999997
78,43.078142150000005,141.3644264
79,43.076874319999995,141.36409773999998
80,43.0723048,141.36522154
81,43.074312225,141.38629745000003
82,43.0708633,141.35462695
83,43.071757487499994,141.36128747499998
84,43.07126093,141.35958018
85,43.073326699999996,141.38264616666666
86,43.1174084,141.4211475
87,43.11390663333333,141.41797786666666
88,43.11741965,141.4066776
89,43.1047958625,141.41130822500003
90,43.076349439999994,141.38767779999998
91,43.071251999999994,141.3725904
92,43.079676325,141.39204445
93,43.041868,141.4292237
94,43.041184,141.4305255
95,43.05282656000001,141.42439046
96,43.05397326,141.41420902
97,43.04932266666666,141.40939356666667
98,43.0502089,141.40778045
99,43.07178559166667,141.40770765
100,43.0628370875,141.4076177875
101,43.0641974,141.36619860000002
102,43.0610277875,141.36701271249999
103,43.05535275,141.37984634999998
104,43.0481886,141.3915706
105,43.05774588823528,141.37223229411762
106,43.053266675,141.377222625
107,43.051409060000005,141.376781
108,43.05356586,141.37328468
109,43.05528246666666,141.37511896666666
110,43.05582337142857,141.4257429
111,43.0497612,141.38846334
112,43.06753605,141.40856066249998
113,43.05068996,141.38978154
114,43.056071300000006,141.39670523333334
115,43.088614500000006,141.413569
116,43.113456479999996,141.3704504
117,43.08689362,141.40370216000002
118,43.083477959999996,141.4042858
119,43.0821547,141.37684174999998
120,43.06723610000001,141.37229248
121,43.0660569,141.37256824000002
122,43.071134699999995,141.347831275
123,43.09388436,141.35233222000002
124,43.0945343,141.3809808
125,43.094634774999996,141.37859195
126,43.09109214,141.34978174000003
127,43.120604433333334,141.41160383333332
128,43.10101318,141.3982123
129,43.084222600000004,141.4100598
130,43.086402320000005,141.39718856
131,43.08780762,141.39370614
132,43.06537943333333,141.37618853333333
133,43.064031666666665,141.37301646666666
134,43.062672275,141.37413245
135,43.05994155714286,141.36934585714286
136,43.0569419,141.36768183333334
137,43.05523673333334,141.3652177
138,43.05211918,141.36367744
139,43.04147625,141.3605306
140,43.03886953333333,141.35869533333334
141,43.02896116666667,141.35636079999998
142,43.03499525,141.35702557500002
143,43.0262305,141.3547874
144,43.016785666666664,141.35452243333333
145,43.030302199999994,141.35387706666668
146,43.03479885,141.353931875
147,43.04894986666667,141.35857816666666
148,43.0692319,141.36004931999997
149,43.069060224999994,141.35853325
150,43.069471225,141.36164365000002
151,43.06624605,141.35578265
152,43.05165585,141.3711236
153,43.0471535,141.32245903333333
154,43.05433551111111,141.31620352222222
155,43.055268700000006,141.31598623333332
156,43.057702325,141.3153801125
157,43.0650379,141.314108075
158,43.06921705833333,141.31663314166667
159,43.075343499999995,141.31914302857143
160,43.076333487499994,141.319816925
161,43.081647742857136,141.3244871142857
162,43.08128500000001,141.3298392923077
163,43.08141526000001,141.34519406
164,43.07797970000001,141.3461316
165,43.08110418333333,141.3428838
166,43.076816625000006,141.39915035
167,43.0803861375,141.363886675
168,43.0788347875,141.35240004375
169,43.0558252625,141.405095275
170,43.05259816,141.41057476
171,43.05178004,141.41194506
172,43.04767346666667,141.41905233333333
173,43.0925333,141.41125575
174,43.08665395999999,141.3928123
175,43.075018820000004,141.37921598
176,43.058563799999995,141.39924897999998
177,43.06445886,141.38864696000002
178,43.06862888,141.34681677999998
179,43.066473939999995,141.36665986
180,43.07463632,141.36463401999998
181,43.06997634,141.34808931999999
182,43.06535816,141.3492456
183,43.06490766666667,141.37283010000002
184,43.06120283333333,141.3454908
185,43.051713125000006,141.34232645
186,43.06058446666666,141.34068299999998
187,43.092582400000005,141.36080812
188,43.077073139999996,141.37102224
189,43.085793439999996,141.3782017
190,43.08652001428572,141.38052057142858
191,43.095729320000004,141.3860334
192,43.099005399999996,141.3849191
193,43.100575675,141.38585452499998
194,43.09506797499999,141.39933305
195,43.09365515,141.4027652
196,43.07345174,141.36493018000002
197,43.06193476666667,141.38534616666666
198,43.0552659,141.37045258333333
199,43.05154888571428,141.36629214285716
200,43.057941320000005,141.37773522
201,43.05643121111111,141.3736357777778
202,43.0534354,141.36811064
203,43.076516,141.353249575
204,43.0908082,141.347718125
205,43.16187853333333,141.3535796
206,43.11849884,141.34366334
207,43.120200075,141.344009425
208,43.103304891666674,141.40091428333335
209,43.10046043,141.40806308
210,43.0985830142857,141.41277965714283
211,43.06787482,141.35883988
212,43.07131436,141.35795468
213,43.07703436,141.3565137
214,43.0793108125,141.3559423
215,43.05421666666667,141.36687636666667
216,43.10409575,141.37641385
217,43.1002259,141.33252453999998
218,43.08278541999999,141.32230784
219,43.093852059999996,141.30350626
220,43.08538054,141.38012496000002
221,43.082459125,141.379139875
222,43.10089802,141.30884204
223,43.083602049999996,141.3297146625
224,43.087396299999995,141.32736664
225,43.065283900000004,141.33959755
226,43.067442324999995,141.339080975
227,43.059709780000006,141.33455566
228,43.0698738,141.33196596666667
229,43.07043735,141.33049549999998
230,43.06441674,141.33336661999996
231,43.06876544000001,141.33063752
232,43.068980775,141.3321757
233,43.059385325,141.341067775
234,43.05927953333334,141.34270206666667
235,43.060770133333335,141.34234506666667
236,43.05835295999999,141.31983416
237,43.06806892,141.3083067
238,43.081097325,141.308635375
239,43.072906200000006,141.29974753333332
240,43.08702328,141.31513024
241,43.09232447777778,141.32004212222222
242,43.10077594999999,141.34027251666666
243,43.05385152,141.42267118
244,43.06960735,141.4036568875
245,43.07054465,141.405808875
246,43.04910897999999,141.35689412
247,43.050339480000005,141.36507172
248,43.04881315,141.3646498
249,43.04856279999999,141.36218169999998
250,43.0500078,141.3218611
251,43.06244555000001,141.3188464
252,43.0609353,141.30785625000001
253,43.06332068000001,141.30312242
254,43.0994013,141.3096475
255,43.10059652499999,141.307988525
256,43.1025449625,141.391024125
257,43.168589716666666,141.4102794833333
258,43.167641,141.3282481
259,43.165293375,141.349905325
260,43.16561,141.3524298
261,43.163790025,141.35449052500002
262,43.1502809,141.370923
263,43.1475506,141.3663171
264,43.14268981666667,141.36585215
265,43.135155,141.3743149
266,43.117299,141.3961939666667
267,43.15880685,141.3530514
268,43.15855815,141.3598296375
269,43.15265766,141.3605109
270,43.14375354,141.3727044
271,43.13862176,141.36942524
272,43.121991142857155,141.37112905714284
273,43.11385514285714,141.37365445714286
274,43.110182,141.380177
275,43.1107063,141.35123076
276,43.109859760000006,141.34521304000003
277,43.1098033,141.343643725
278,43.0744127,141.44135646666666
279,43.0540568,141.44026474
280,43.049665633333326,141.43884693333334
281,43.07091028000001,141.32891454
282,43.07256324,141.32959518
283,43.074967924999996,141.32403987499998
284,43.07101472,141.33305166
285,43.07304237142857,141.3348623
286,43.07365662499999,141.32307755
287,43.061577122222225,141.35694561111112
288,43.0608685,141.352009025
289,43.0619970275862,141.36544643103448
290,43.05866005,141.341114675
291,43.0608027,141.3570821
292,43.060151399999995,141.35219755
293,43.059231366666666,141.38101165
294,43.0567324875,141.3826568625
295,43.05433000000001,141.38462826
296,43.05594405,141.387400225
297,43.05603416,141.39026828
298,43.053776219999996,141.3937496
299,43.049763299999995,141.40049426
300,43.04656525,141.40656355
301,43.047469050000004,141.41291055
302,43.06421757500001,141.440705225
303,43.110877519999995,141.42537223999997
304,43.15689441666667,141.41384073333333
305,43.1581018,141.3527285
306,43.135470088888894,141.33867764444443
307,43.139202100000006,141.30921214
308,43.13565455,141.305699
309,43.064069849999996,141.29088085
310,43.054319355555556,141.34205946666668
311,43.05461575,141.3454973
312,43.05498804,141.34864540999996
313,43.05987754,141.34740371
314,43.061411925,141.34702135
315,43.06601625,141.3458426166667
316,43.068368725000006,141.34527832499998
317,43.067515760000006,141.34709293999998
318,43.067765324999996,141.348612325
319,43.096042583333336,141.35992664999998
320,43.10306,141.35817235
321,43.11140292,141.35609015999998
322,43.11975145,141.35398096249997
323,43.131947,141.3551656
324,43.15373533333334,141.35188449999998
325,43.180348,141.35150476666666
326,43.108296425,141.2990644375
327,43.10349875,141.438561925
328,43.10927898,141.3382788
329,43.110565380000004,141.33578274
330,43.1247949,141.3090381
331,43.13017313333333,141.30020757499997
332,43.1352407,141.29086945
333,43.09661185,141.40896965000002
334,43.09580690000001,141.38794410000003
335,43.0528431125,141.3831729
336,43.08212575,141.350404425
337,43.083846820000005,141.36300646
338,43.061741246153844,141.31451366923076
339,43.0637326,141.34640157500002
340,43.063528500000004,141.34502377500002
341,43.06234952,141.34525206
342,43.06493712,141.34612906
343,43.0647419,141.344670725
344,43.06457651666667,141.35254746666666
345,43.06581716666667,141.34440765
346,43.063184549999995,141.35141359166667
347,43.0638636,141.3563994
348,43.06599406,141.35396815999997
349,43.0647916,141.35427226
350,43.0636119,141.35456434
351,43.0624623,141.3548658
352,43.06094926,141.35524325
353,43.07018303333333,141.3238807666667
354,43.075334375,141.3142508
355,43.07229865,141.318332775
356,43.071455112500004,141.3112626375
357,43.07746314,141.35963274
358,43.069511675,141.344998175
359,43.068461425,141.339098525
360,43.056640099999996,141.3353235857143
361,43.0543667,141.3347112125
362,43.04797368,141.33549086
363,43.0761464,141.3032182
364,43.0773131,141.30123685
365,43.06805945,141.29447025000002
366,43.06454685,141.2900302
367,43.0703975,141.35119972
368,43.06946599999999,141.35308062
369,43.069720575,141.3549157
370,43.05840375999999,141.33648853999998
371,43.057842619999995,141.33502500000003
372,43.05586453749999,141.32041335
373,43.0551551,141.3143764
374,43.056776633333335,141.32720803333333
375,43.06073486,141.35364985
376,43.0623152,141.35325265
377,43.06316176666667,141.3600282
378,43.06134975,141.360479775
379,43.05634125,141.38152624999998
380,43.060222849999995,141.3884984
381,43.05012111875,141.3547071875
382,43.09016882,141.34297632
383,43.11149853333333,141.3384532
384,43.11231522,141.33729084
385,43.121515571428574,141.3681841
386,43.046613199999996,141.38450590000002
387,43.03981026666667,141.35685139999998
388,43.09938485,141.41653044999998
389,43.066976175,141.3701167
390,43.07515378000001,141.38401446
391,43.077180139999996,141.38541874
392,43.08109889999999,141.3885133
393,43.09035054,141.39570694000003
394,43.09926865999999,141.40247584000002
395,43.101928975,141.4044591
396,43.09684873333333,141.39496323333333
397,43.06528036,141.3578708
398,43.06767112,141.35727272
399,43.06648734,141.35756738
400,43.0795641,141.3069594
401,43.0868855,141.29482663333332
402,43.0775256,141.31657850000002
403,43.064838,141.3364815
404,43.0695224,141.3343219
405,43.06335046,141.3255777
406,43.05389232,141.32788662
407,43.0475697,141.32869585
408,43.06265881666667,141.32018236666667
409,43.06833942499999,141.3187177625
410,43.0749740375,141.3052081125
411,43.09088908,141.40063152000002
412,43.087671820000004,141.40751742
413,43.09136848,141.39320696
414,43.09317,141.3948893
415,43.0960179,141.39699614999998
416,43.08414801666667,141.37406173333332
417,43.126790512499994,141.360878575
418,43.1316941625,141.35199565000002
419,43.085303512500005,141.3737916375
420,43.0940633375,141.3717161375
421,43.104584125,141.36913422499998
422,43.11299875,141.3671452625
423,43.12107327500001,141.36516249166667
424,43.1302525,141.354633075
425,43.1342273625,141.347242375
426,43.1567541,141.33629874000002
427,43.08749855,141.4022676
428,43.05967167777778,141.3574678111111
429,43.05497256,141.32062496
430,43.058355575,141.34777989999998
431,43.0574838875,141.34140681250003
432,43.0517352,141.3074476
433,43.0513041,141.3049772
434,43.0516265,141.302591525
435,43.060858100000004,141.33430312500002
436,43.061704299999995,141.34050280000002
437,43.06297196,141.34985216
438,43.06523438000001,141.36649004
439,43.05678715,141.36162895
440,43.06012416,141.36078856
441,43.0632889,141.371021
442,43.064611825,141.3805685
443,43.0513923,141.40572425
444,43.05415166,141.40794064
445,43.059401179999995,141.41336832000002
446,43.062487559999994,141.41709782
447,43.064694625,141.423601775
448,43.10566292,141.43549988
449,43.08700502,141.32675312
450,43.11573508,141.32607532
451,43.101936625,141.3122287
452,43.09991670000001,141.31019415
453,43.101892719999995,141.32829098000002
454,43.1220969,141.2919654
455,43.10759036,141.31794476
456,43.14773638,141.31109364
457,43.1589649,141.29760764
458,43.13753142,141.32254505999998
459,43.12942395,141.3205761
460,43.1144994,141.30550755000002
461,43.122406325,141.3135294875
462,43.07888082000001,141.39141977999998
463,43.080285960000005,141.3878988
464,43.12284767999999,141.3331444
465,43.061561675,141.3620419875
466,43.06033418,141.36234666
467,43.141232460000005,141.37479128
468,43.146294833333336,141.3412852666667
469,43.14523655,141.34980810000002
470,43.143984259999996,141.35850644
471,43.142552,141.368289
472,43.14235422,141.37181632
473,43.0763533,141.378601
474,43.07946554,141.37800471999998
475,43.14722974,141.37295086
476,43.147598599999995,141.37648192499998
477,43.15386745000001,141.37732440000002
478,43.144120720000004,141.37631521999998
479,43.1490381,141.43460425
480,43.071738275,141.3315382
481,43.07424628,141.33365558
482,43.0787016,141.36882846
483,43.084260439999994,141.36610158000002
484,43.080860512499996,141.36736071250002
485,43.08466842,141.36918678
486,43.081197149999994,141.369870375
487,43.07463383333334,141.41572476666667
488,43.08044478749999,141.41971531250002
489,43.065554080000005,141.33307546
490,43.0664035,141.33931065000002
491,43.06597428,141.33619168
492,43.10970805,141.4244667
493,43.10863235,141.42364355
494,43.101698549999995,141.4327521
495,43.070221520000004,141.35823004
496,43.08651768,141.35577308
497,43.08297832000001,141.35664254
498,43.10628228,141.42184086
499,43.067224616666664,141.35365425
500,43.15916012499999,141.3862924
501,43.167981475000005,141.386387425
502,43.167201175,141.396228325
503,43.16165552,141.40564036
504,43.1577289375,141.40338874999998
505,43.15825863750001,141.3970735625
506,43.16248847999999,141.39549277999998
507,43.16199124,141.40148096
508,43.157935375,141.4008414625
509,43.163657400000005,141.40600080000002
510,43.159492975,141.40372045
511,43.1666937625,141.4115349875
512,43.07098718,141.41685358
513,43.069622175000006,141.408755925
514,43.075385287500005,141.41853073750002
515,43.0771225,141.41616979999998
516,43.06524806,141.4477234
517,43.056537285714285,141.42994035714284
518,43.0575244,141.4350788
519,43.0586717,141.44038603333334
520,43.1272596,141.2827942
521,43.1242923,141.28816275
522,43.08185624,141.38272606
523,43.1391813,141.35739778333334
524,43.140148,141.3485389
525,43.14009335,141.3507735
526,43.13473861999999,141.3653764
527,43.13406832,141.36820746
528,43.094234875,141.446192725
529,43.14057768000001,141.37068005999998
530,43.13435926,141.36724636
531,43.059664479999995,141.34584362
532,43.0581431,141.34622091250003
533,43.0966549,141.40506
534,43.08606315,141.4114866
535,43.0818423,141.4083311
536,43.08304443333333,141.4092508
537,43.09679659999999,141.43094458000002
538,43.06651506,141.37593704
539,43.073226733333335,141.37207903333334
540,43.0758759,141.38891533333333
541,43.09224354999999,141.39716455
542,43.10370157999999,141.38910915999998
543,43.069337250000004,141.44098209999999
544,43.06982635,141.42233046666666
545,43.06970282,141.42550351999998
546,43.073919575000005,141.41132002499998
547,43.07024452,141.41244452
548,43.08455644000001,141.42823944000003
549,43.074349160000004,141.4188558
550,43.08138262000001,141.42163764
551,43.064453,141.4310997
552,43.11263905,141.29330405
553,43.138553566666666,141.31439255
554,43.133712300000006,141.31343216666667
555,43.126126420000006,141.30715704
556,43.1181095,141.29908586666667
557,43.16450436000001,141.30790417999998
558,43.15029882,141.31440966
559,43.1608777,141.3129752
560,43.165590925,141.306372425
561,43.12999980000001,141.33741538
562,43.128951375,141.345966675
563,43.129214649999994,141.3545345
564,43.143444849999995,141.36172201250002
565,43.1461973,141.35902105999998
566,43.082205,141.30648568
567,43.0807232,141.3049529
568,43.0791347,141.40093245
569,43.1288956875,141.35710323749998
570,43.138677475,141.36091815
571,43.13630332,141.35659403999998
572,43.13673324,141.354257
573,43.13723566,141.35228174
574,43.1325830375,141.3504051625
575,43.1397993125,141.3531243125
576,43.1327098,141.35935448
577,43.13336346,141.35561978
578,43.14099306,141.339991
579,43.14399646,141.31599966
580,43.1658086,141.34740753333332
581,43.11488893333333,141.3439023
582,43.1162794,141.35485522
583,43.1176852,141.36599712499998
584,43.09854681666667,141.32541391666666
585,43.10487404,141.31520426
586,43.119344283333334,141.28905081666665
587,43.1130798,141.3003708
588,43.11542195,141.29625045
589,43.05596028,141.35484233999998
590,43.102674400000005,141.4097583875
591,43.094364899999995,141.42929033333334
592,43.091642799999995,141.41962453333335
593,43.150248149999996,141.35097055
594,43.14697348,141.34140238
595,43.140655900000006,141.34269352857143
596,43.08353922,141.34465668
597,43.08435873333334,141.33960953333334
598,43.084774059999994,141.34276776
599,43.0849806,141.34428846
600,43.08571328000001,141.34410336000002
601,43.085505999999995,141.34258308
602,43.08995952,141.34145494
603,43.0791191,141.345781
604,43.08026066,141.34548488000001
605,43.10325226,141.42882201999998
606,43.09701462499999,141.4245294
607,43.101291,141.4250709
608,43.0994644,141.42366595
609,43.0963575,141.426161
610,43.103206549999996,141.4194699
611,43.10787165,141.42305835000002
612,43.12002384,141.40405776
613,43.1188356,141.35421760000003
614,43.123091928571434,141.3643986
615,43.12326092,141.4090073
616,43.12028143333333,141.35843825
617,43.07772214545454,141.35288410909095
618,43.07796432,141.35468343999997
619,43.07682994,141.35495471999997
620,43.075676519999995,141.35523518
621,43.07589012,141.35681124
622,43.076509875,141.36145615
623,43.08184669999999,141.34832020000002
624,43.07839423749999,141.3491878
625,43.07474524,141.35709792
626,43.0759004,141.34820754
627,43.078184525,141.3476341125
628,43.1093283,141.38133085
629,43.13930796,141.33126862
630,43.1365152125,141.33063138749998
631,43.14202666666667,141.33191958333333
632,43.12055625,141.36083485
633,43.06455538,141.30084242000004
634,43.07033934,141.31090178
635,43.0577120125,141.34310856250002
636,43.0587837125,141.35092268749997
637,43.056334674999995,141.341668975
638,43.056210946666674,141.34510167333335
639,43.05508200833333,141.35857450833336
640,43.05446558571428,141.35522441428571
641,43.056062579999995,141.34836360000003
642,43.056701974999996,141.353063125
643,43.056917659999996,141.35463598
644,43.05747454545454,141.35798894545454
645,43.05783706,141.36136716000001
646,43.058044699999996,141.36293286
647,43.05720522,141.34808272
648,43.057847100000004,141.352778125
649,43.05807212,141.3543457
650,43.05898047999999,141.36107822
651,43.059400679999996,141.36419262
652,43.058262660000004,141.36448024
653,43.06410228,141.3581716
654,43.062961699999995,141.35846246666665
655,43.061135424999996,141.3589233375
656,43.05991253999999,141.35923164
657,43.06203653333333,141.3340145666667
658,43.0628604,141.34008885999998
659,43.05797035,141.38512465
660,43.05528346,141.42427075999998
661,43.05603416,141.33065598000002
662,43.0545577,141.3177282
663,43.059070840000004,141.3298747
664,43.057205440000004,141.33034791999998
665,43.05295592,141.32110614
666,43.09233505,141.28562475
667,43.053782749999996,141.3853518
668,43.0525981,141.38706756000002
669,43.0506378,141.3822696
670,43.049659,141.38396265
671,43.0512943625,141.38569497499998
672,43.052321575,141.3838968375
673,43.056097799999996,141.36911578
674,43.054182833333336,141.40026150000003
675,43.057295974999995,141.386054425
676,43.057825633333344,141.39325443333334
677,43.05856355,141.3860119
678,43.05251644,141.39558734
679,43.055267533333335,141.39818376666668
680,43.050062659999995,141.39332886
681,43.05167208,141.39106188
682,43.1319657,141.36609465
683,43.13828055,141.36408215
684,43.0806661,141.35722116000002
685,43.08181076,141.35692796000004
686,43.09214806,141.35761606
687,43.05992346,141.33611150000002
688,43.076839899999996,141.34639909999999
689,43.0791825,141.3641796
690,43.07704202,141.34791612
691,43.078597980000005,141.35935805999998
692,43.0781743,141.35623545999997
693,43.08424143333334,141.39094803333333
694,43.13586195,141.36815719999998
695,43.094082639999996,141.35389737999998
696,43.091730379999994,141.35451236
697,43.08245028,141.36159454
698,43.0836084,141.3613137
699,43.100366920000006,141.35720506
700,43.04779178,141.3724122
701,43.0885517,141.4081933
702,43.15960771428571,141.38086425714283
703,43.153705824999996,141.37991725
704,43.14795056,141.36210067999997
705,43.14826798,141.35949126
706,43.0973367,141.34117357999997
707,43.1008559,141.341891225
708,43.091123259999996,141.33960506
709,43.121350699999994,141.3540257
710,43.096920360000006,141.33814342
711,43.09756696000001,141.34272145999998
712,43.091328219999994,141.34110951999997
713,43.1219155,141.3541093
714,43.14469105,141.3104524625
715,43.135847919999996,141.33597153
716,43.141255920000006,141.33787725999997
717,43.076006060000005,141.39853106
718,43.0701058,141.3807763
719,43.05699318,141.32879216
720,43.06096962,141.32617224
721,43.078241125000005,141.3956166125
722,43.0774426,141.39499132
723,43.07449953999999,141.3927748
724,43.079734387500004,141.35906585
725,43.07767009999999,141.36119574000003
726,43.07879948,141.36090929999997
727,43.088611379999996,141.39172762
728,43.0831826,141.35818748000003
729,43.0820226,141.3584797
730,43.06354894,141.38964335999998
731,43.057079099999996,141.40220395
732,43.05828699999999,141.37373838000002
733,43.06074898,141.37558122000002
734,43.057044559999994,141.37532879999998
735,43.0588692,141.37297619999998
736,43.04276265,141.39256490000002
737,43.0803214,141.3904427
738,43.063397120000005,141.35297596
739,43.04811456666667,141.4475042
740,43.048431300000004,141.4457336
741,43.05315136,141.44543148
742,43.0487752,141.4440045
743,43.06149286,141.33894044
744,43.07382712,141.35034034
745,43.0715407,141.35091918
746,43.06013572,141.33766975999998
747,43.065764099999996,141.3346296
748,43.05825224,141.33814594
749,43.07268312000001,141.35063934
750,43.064627099999996,141.33492310000003
751,43.05896662,141.33796533999998
752,43.06127876,141.33738044
753,43.057081062500004,141.3384425875
754,43.065049740000006,141.33803948000002
755,43.06034368,141.33922506000002
756,43.0610639,141.33582285999998
757,43.058859940000005,141.32831906
758,43.054838966666665,141.339075
759,43.06378056,141.32869846
760,43.05882105,141.33961161000002
761,43.05500798,141.34057686
762,43.05593852,141.33873288
763,43.0561508,141.34028501999998
764,43.061392999999995,141.32929002
765,43.10188626666667,141.42781879999998
766,43.0958946,141.427301
767,43.10641926,141.38540366
768,43.09944983333333,141.41059846666667
769,43.08777032,141.38275163999998
770,43.088850019999995,141.39451938000002
771,43.097213537500004,141.3842938875
772,43.09666048333333,141.38799119166666
773,43.080157437500006,141.36219171250002
774,43.076730500000004,141.36304765999998
775,43.069962280000006,141.35668752
776,43.079524375,141.3575130625
777,43.07901697999999,141.3624765
778,43.08727376666666,141.36214134999997
779,43.085631425,141.349098925
780,43.086932239999996,141.35888010000002
781,43.0757248,141.36435654
782,43.07788242,141.36275916
783,43.07537406,141.36177514
784,43.0783905,141.3578176
785,43.07609904,141.35837896000004
786,43.073821620000004,141.35895158
787,43.069015875,141.35692592499998
788,43.07559688,141.36334488000003
789,43.07725292,141.35809197999998
790,43.074954739999995,141.3586693
791,43.071100539999996,141.35640246
792,43.0806846,141.34861542000002
793,43.081009875,141.351000175
794,43.0690616,141.3497741
795,43.077255279999996,141.34948282
796,43.07497182000001,141.35005615999998
797,43.07018774,141.34965736
798,43.07611936,141.34976379999998
799,43.097495859999995,141.37807252
800,43.100655659999994,141.37730308
801,43.09934584,141.37761731999998
802,43.09684138,141.37475538
803,43.096354325,141.3711456625
804,43.0944457,141.37535671999998
805,43.104606249999996,141.37265095
806,43.0997192,141.37032078
807,43.09582596,141.37840713999998
808,43.0545184,141.380857
809,43.0748016,141.37491473999998
810,43.07301295,141.37045945
811,43.07813874,141.37250652
812,43.07910526,141.38063816
813,43.0627737,141.38375929999998
814,43.0586506,141.3711257
815,43.055338524999996,141.37783002499998
816,43.063951849999995,141.38133745
817,43.084531080000005,141.38213658
818,43.091956120000006,141.34576236
819,43.09253004,141.34238349999998
820,43.08325428,141.34796388
821,43.08805073999999,141.34512682
822,43.0804735,141.34704018
823,43.0927466,141.3439382
824,43.09191876,141.33786984
825,43.087560780000004,141.34686954
826,43.090377260000004,141.34451956
827,43.090715919999994,141.33662792
828,43.08896882,141.34651422
829,43.08349215,141.34971515
830,43.0917427,141.3441919
831,43.09153252,141.34263476000004
832,43.08875794,141.34494518
833,43.079900025,141.35154995
834,43.089194275,141.34815517500002
835,43.078614187499994,141.35076815
836,43.09091874,141.33812852
837,43.0923289,141.34085478
838,43.08539898,141.34741964
839,43.092961820000006,141.34550642000002
840,43.092123720000004,141.3393617
841,43.0816273,141.34674994
842,43.0793293,141.3473328
843,43.08967294,141.34633852
844,43.087776100000006,141.3485169
845,43.08304217999999,141.3463901
846,43.089461920000005,141.34475546000002
847,43.0873449,141.34530374
848,43.08519008,141.34585198
849,43.07247266,141.34907072000001
850,43.076324279999994,141.35132801999998
851,43.09304576666667,141.33921106666665
852,43.0731384,141.35404642
853,43.0927288,141.33696143636362
854,43.09346568,141.34214578
855,43.09712742,141.33966519999998
856,43.0706111,141.35277234
857,43.07289584,141.35219846
858,43.093921120000005,141.34526078
859,43.077474759999994,141.35104636
860,43.0932608,141.34061542
861,43.075179399999996,141.35161996
862,43.0720028,141.35434738
863,43.071757760000004,141.35248606
864,43.07404196,141.35190814
865,43.093696879999996,141.34369764
866,43.07133274,141.34935652
867,43.075440671428574,141.35354569999998
868,43.079097624999996,141.354378075
869,43.098014075,141.3457837
870,43.0954696,141.341641
871,43.09151584,141.35293289999998
872,43.08630902,141.35418524
873,43.083884739999995,141.35478519999998
874,43.08159844,141.35535454
875,43.081542160000005,141.36358320000002
876,43.08139392,141.35380312
877,43.08592847999999,141.36248106
878,43.07337978,141.35582854
879,43.08545255,141.3592908
880,43.08044908,141.35566258
881,43.08497072,141.36272585999998
882,43.07360356,141.35738171999998
883,43.0956513,141.34319878000002
884,43.0802377,141.35409643999998
885,43.083671419999995,141.35322236
886,43.0825424,141.35351666
887,43.094525819999994,141.34188276
888,43.082759180000004,141.35506896
889,43.08804922,141.35053163999999
890,43.090525299999996,141.3579972
891,43.08951444,141.36158228000002
892,43.09074538,141.35956779999998
893,43.09011054,141.35490516
894,43.09096296,141.36121156
895,43.089467739999996,141.35018821999998
896,43.0898964,141.35332685999998
897,43.09449678,141.35703034
898,43.07266808,141.35923422000002
899,43.0983231,141.35934877999998
900,43.098183039999995,141.34968314
901,43.07224218,141.35610732000004
902,43.09596872,141.35022822000002
903,43.0999081,141.35381145
904,43.098100259999995,141.35779128
905,43.0983954,141.351233
906,43.09470166,141.35860097999998
907,43.097040199999995,141.34996206
908,43.0974602,141.35308444000003
909,43.072881339999995,141.36079916000003
910,43.09491206,141.36021296
911,43.07245382,141.35766976
912,43.093672719999994,141.35077056
913,43.07319155714286,141.3629613142857
914,43.09788126,141.35622856
915,43.09724414,141.35151052
916,43.099438383333336,141.35908129999999
917,43.078906520000004,141.37034284
918,43.0901608,141.3663564
919,43.08994364,141.36466718000003
920,43.091002950000004,141.37244435000002
921,43.073395399999995,141.3472466
922,43.0810045125,141.3684318375
923,43.10630913999999,141.33889536
924,43.0886646125,141.3729984375
925,43.06323654444444,141.33365877777777
926,43.09299882,141.36388018
927,43.064076825,141.339828575
928,43.063663899999995,141.33677946666666
929,43.064353600000004,141.43433623333334
930,43.0499492,141.437122375
931,43.0492218,141.4411878
932,43.06348718,141.36176238000002
933,43.05841052000001,141.321195
934,43.056042687499996,141.3217586
935,43.05927872,141.33143552
936,43.0585232,141.32394002
937,43.05814438,141.3317247
938,43.05846732,141.32258324000003
939,43.05793278,141.33016614
940,43.05741798,141.33191144
941,43.05856938,141.33484063999998
942,43.05762927999999,141.33346886
943,43.055158399999996,141.32197401999997
944,43.05622722499999,141.32311635
945,43.0553503,141.323328
946,43.05791768,141.3168547
947,43.055477957142855,141.3174178857143
948,43.06253352,141.3617918
949,43.06208926,141.35869296
950,43.06230324,141.3602462
951,43.04439596666666,141.3325342
952,43.050319625,141.3244248875
953,43.0564559,141.33376454
954,43.04773906666666,141.33210363333333
955,43.05413138,141.33125682
956,43.054222300000006,141.3329922
957,43.05108288,141.33167542
958,43.06771156,141.3228464
959,43.05857635,141.32523913333333
960,43.06281523333333,141.3305448111111
961,43.06884296,141.32256768
962,43.06314328,141.32400706
963,43.06420324,141.33180941999998
964,43.06160842,141.33084838
965,43.0699974,141.3222765
966,43.06428494000001,141.32372984
967,43.0639915,141.33024600000002
968,43.055338199999994,141.37646925
969,43.0490102,141.39484754
970,43.04512123333333,141.38871066666664
971,43.04355376666666,141.39126463333332
972,43.048959,141.38073306666666
973,43.0478773,141.3795001
974,43.05508243999999,141.36788614000002
975,43.04581455,141.37080774999998
976,43.0485289,141.37122398333332
977,43.05000244,141.3692987
978,43.1188185,141.34627392
979,43.048352050000005,141.320835
980,43.06416506000001,141.39129595999998
981,43.133787240000004,141.35320094000002
982,43.126197825,141.34535985
983,43.12803821999999,141.3478184
984,43.146980000000006,141.35031416666666
985,43.0613213,141.39386545000002
986,43.05911858,141.39817248
987,43.06035808,141.39569138
988,43.148837400000005,141.3549995
989,43.153225660000004,141.35600048
990,43.1546531,141.3609649
991,43.154870966666664,141.35197223333333
992,43.1457028,141.3733093
993,43.15103675,141.36992055
994,43.070016075,141.38846767500002
995,43.05032476,141.37555366
996,43.05114976,141.37421466
997,43.056049825,141.36632982499998
998,43.05248386,141.37206242
999,43.0542556,141.36918612857144
1000,43.05333634,141.37070352
1001,43.0443598,141.401825475
1002,43.04766463333333,141.40434646666668
1003,43.069065499999994,141.38335055
1004,43.1601285875,141.3750427875
1005,43.1378643,141.3667771
1006,43.139263650000004,141.3662258
1007,43.1412995,141.3533813
1008,43.1413315,141.3578999
1009,43.1446966,141.3545524
1010,43.1452873,141.3588049
1011,43.15078955,141.4128306
1012,43.156025325,141.3976284
1013,43.15684298333334,141.38054421666666
1014,43.15845759999999,141.394751575
1015,43.1588047,141.39054829999998
1016,43.15945695,141.36092351666665
1017,43.162563,141.356301925
1018,43.14817528,141.30250998000002
1019,43.15170056666667,141.2976194
1020,43.1643927,141.3935732
1021,43.1672434,141.4016178
1022,43.1683229,141.4017598
1023,43.1348317125,141.344037075
1024,43.137880190000004,141.31975921
1025,43.1396358,141.3396541
1026,43.14046872,141.33154016
1027,43.142689080000004,141.32649987999997
1028,43.135162120000004,141.34141614
1029,43.1260905,141.3363732
1030,43.126100533333336,141.3272573222222
1031,43.1272611,141.3367921
1032,43.12829306,141.32867784
1033,43.13102481999999,141.3293508
1034,43.13228163333333,141.29633880000003
1035,43.1400995,141.3041245
1036,43.11940942,141.33881398
1037,43.1208624,141.3490067
1038,43.1241702,141.33889958
1039,43.12467244,141.33494214
1040,43.126586399999994,141.34218684
1041,43.12692144,141.33950502
1042,43.0683569,141.35337636666668
1043,43.0760805,141.3319975
1044,43.089447050000004,141.32383011250002
1045,43.09317634999999,141.347090175
1046,43.09956598,141.34060656000003
1047,43.09978712,141.3421616
1048,43.101077950000004,141.34344879999998
1049,43.10402912,141.33946256000002
1050,43.1042965,141.34100267999997
1051,43.10493298,141.34640074
1052,43.10518348333333,141.33917711666666
1053,43.1064826,141.340471
1054,43.1080366,141.34053996666668
1055,43.093933385714294,141.33581902857145
1056,43.09485822,141.3337904
1057,43.096707720000005,141.33658544
1058,43.1000938,141.33569682
1059,43.088778839999996,141.33247834
1060,43.09009358333333,141.33214746666667
1061,43.09288321666667,141.33001833333336
1062,43.09394736,141.32699362
1063,43.09553452,141.33231542000001
1064,43.09564071666667,141.32289288333334
1065,43.09682552,141.3295058
1066,43.0973883,141.3282721
1067,43.09834239999999,141.33085712
1068,43.1001098,141.3267509
1069,43.100603899999996,141.33103465
1070,43.103003,141.33487772
1071,43.10436018,141.32379625999997
1072,43.10480713333334,141.33080688333334
1073,43.107679680000004,141.33328106
1074,43.11348193333333,141.33824873333333
1075,43.116326425,141.340691575
1076,43.11806314,141.33747010000002
1077,43.11850192,141.32883012000002
1078,43.11989844,141.3302175
1079,43.12129638,141.33160528000002
1080,43.1251858125,141.316334125
1081,43.128147575,141.319309525
1082,43.13180406666667,141.31281261666666
1083,43.107073459999995,141.32651622
1084,43.10982656,141.32923938
1085,43.11028846,141.32066328000002
1086,43.1118017375,141.3027025
1087,43.11295792,141.32332037999998
1088,43.11432445999999,141.32468075999998
1089,43.117121000000004,141.30821885
1090,43.119619487499996,141.31072981250003
1091,43.12075573333333,141.30181728333332
1092,43.123104260000005,141.30415996000002
1093,43.098745120000004,141.31842618000002
1094,43.0952399,141.3153925
1095,43.0957963,141.31589294999998
1096,43.1001896,141.3196716
1097,43.1038195,141.3047244
1098,43.10547926,141.30646356
1099,43.10817436,141.30923747999998
1100,43.110855279999996,141.31205604
1101,43.11609656,141.31739269999997
1102,43.1188819,141.32015588
1103,43.12029554000001,141.32155982
1104,43.12166906,141.32292388000002
1105,43.123099620000005,141.3243446
1106,43.106831475,141.3078289
1107,43.11731178,141.32311206
1108,43.110459271428574,141.30129064285714
1109,43.09180836,141.36736653999998
1110,43.088007399999995,141.36835108
1111,43.048768550000005,141.34602345000002
1112,43.051293025,141.347939475
1113,43.052149750000005,141.34589560000003
1114,43.052322939999996,141.35577062
1115,43.05240321666667,141.3476666833333
1116,43.05009928,141.35633166
1117,43.050272019999994,141.35769942000002
1118,43.049844375000006,141.303887525
1119,43.064540816666664,141.36137696666665
1120,43.052319600000004,141.3165289
1121,43.04953873333333,141.31919883333333
1122,43.03679843333334,141.335169
1123,43.05100025,141.3299713
1124,43.04762529999999,141.33040213333334
1125,43.05119562,141.33337612
1126,43.0445128,141.3342324333333
1127,43.040200533333326,141.33480256666667
1128,43.055981540000005,141.30545711999997
1129,43.05786214,141.3018365
1130,43.061742525,141.3060735
1131,43.0609114,141.2962913
1132,43.06041756,141.32212482
1133,43.062125433333335,141.3258304
1134,43.064305180000005,141.315562
1135,43.06710872,141.33590686000002
1136,43.06669806,141.33278374
1137,43.0534726,141.3190772
1138,43.03737086666666,141.34259086666665
1139,43.05156784,141.33878370000002
1140,43.0447543,141.3376385
1141,43.0482278,141.33921016666667
1142,43.040454266666664,141.33819233333335
1143,43.040724600000004,141.3421636
1144,43.05459218,141.33746572
1145,43.0448873,141.33964053333332
1146,43.037243999999994,141.34061386666667
1147,43.03408255,141.34301499999998
1148,43.048091633333335,141.33721490000002
1149,43.04836323333333,141.34118056666668
1150,43.054704,141.338357425
1151,43.04502196666666,141.3416096666667
1152,43.05143296,141.33678908000002
1153,43.054480825000006,141.33636472499998
1154,43.055185125,141.341924925
1155,43.0506952,141.2987304
1156,43.06382146666667,141.36479686666667
1157,43.0587279,141.300064
1158,43.04967005,141.3515099
1159,43.05169361666666,141.35106151666665
1160,43.053918120000006,141.35889262
1161,43.05347194,141.35547581999998
1162,43.05355788,141.34738296
1163,43.0528378,141.35078868
1164,43.05190778,141.35266176
1165,43.05305422,141.35236565999998
1166,43.0542666625,141.3520632625
1167,43.0548038,141.34699525000002
1168,43.055289655555555,141.35018441111114
1169,43.055449537499996,141.3517695375
1170,43.0539828,141.35050698
1171,43.066908819999995,141.3606262
1172,43.0574791,141.3544981
1173,43.0566339,141.3482243
1174,43.05642075000001,141.34665134285714
1175,43.05684,141.3497802
1176,43.0576956,141.356082
1177,43.0570568,141.3513802
1178,43.10066030000001,141.35079338333333
1179,43.100412060000004,141.34918344000002
1180,43.09953202,141.35095996
1181,43.101808775,141.34880342499997
1182,43.10107322,141.35358
1183,43.099330380000005,141.34941994000002
1184,43.100195625,141.347598625
1185,43.11196896,141.35092391999999
1186,43.11161094,141.34837764
1187,43.11133600000001,141.34644755999997
1188,43.111137925,141.3449445
1189,43.105291900000005,141.34988833999998
1190,43.10505182000001,141.34798970000003
1191,43.10501894,141.35441604
1192,43.1046064,141.3513734
1193,43.1044477,141.35009712000002
1194,43.10417806,141.35788749999998
1195,43.105457619999996,141.35757414
1196,43.10376806000001,141.3547363
1197,43.10318902,141.3504049
1198,43.1015977,141.34722465
1199,43.09576455,141.34866325000002
1200,43.0965665,141.3484346
1201,43.1141658,141.3441733
1202,43.1071813,141.3458476
1203,43.0934702,141.34920366
1204,43.083004928571434,141.35178386428572
1205,43.08109816666666,141.35224455
1206,43.07996073333334,141.35256733333333
1207,43.08589732,141.35105564
1208,43.098316659999995,141.34802286
1209,43.10209932,141.35065788
1210,43.06431628,141.35972750000002
1211,43.06549228,141.35943544
1212,43.06669932,141.35912632
1213,43.0555359,141.36194204
1214,43.1030081,141.3713407
1215,43.102777825,141.36957526249998
1216,43.1023517,141.3663625
1217,43.102127100000004,141.3646145
1218,43.1032227,141.37300014
1219,43.101335075,141.35863825
1220,43.10131489999999,141.3553675
1221,43.101532279999994,141.35690362
1222,43.065689899999995,141.36094175
1223,43.05918926,141.3626369
1224,43.07437046,141.37177414
1225,43.0725868,141.36732725000002
1226,43.11006386,141.34675546000003
1227,43.11285678,141.34807518
1228,43.110341260000006,141.34868702
1229,43.104600579999996,141.36098894000003
1230,43.119211549999996,141.34945655
1231,43.1024822,141.35325103333335
1232,43.10261128333334,141.35501198333333
1233,43.09903038,141.35595628000002
1234,43.10015736,141.35567362
1235,43.079938812500004,141.3606332375
1236,43.08223146,141.3600485
1237,43.09235658,141.35917039999998
1238,43.087163000000004,141.36043356
1239,43.08352416,141.36947777999998
1240,43.1003583,141.3669376
1241,43.10173903333334,141.36166508333335
1242,43.09871186,141.36245774
1243,43.09572674,141.36638109999998
1244,43.09138676,141.36430854
1245,43.09531756,141.36330862
1246,43.095930859999996,141.36795239999998
1247,43.087582680000004,141.36527112
1248,43.09552506,141.36483013999998
1249,43.1035034,141.36126032500002
1250,43.10845806,141.36003436000001
1251,43.10869097999999,141.36159284000001
1252,43.109601812499996,141.367914375
1253,43.110094100000005,141.37120976
1254,43.1039104,141.36408707500001
1255,43.09035196,141.36773933999999
1256,43.093413659999996,141.3669754
1257,43.099091720000004,141.36552942
1258,43.09721954,141.3596297
1259,43.09744827142857,141.3708509857143
1260,43.08830872,141.38117552
1261,43.089136540000005,141.37662756
1262,43.091502320000004,141.37605662
1263,43.095424660000006,141.37512178
1264,43.09118112,141.3821741
1265,43.090103039999995,141.38624177999998
1266,43.066231560000006,141.3738599
1267,43.06509273333333,141.3741921333333
1268,43.04428116666667,141.424993
1269,43.0560111,141.419077875
1270,43.05138162000001,141.4159258
1271,43.04994156666667,141.41503146666665
1272,43.0453472,141.4231108
1273,43.110591219999996,141.37452004000002
1274,43.1126522,141.355734825
1275,43.0582734,141.35593434
1276,43.05712954,141.35622075999999
1277,43.05617888,141.35643464
1278,43.0553254,141.36038856
1279,43.056586175,141.36007287500001
1280,43.05876627999999,141.35952623999998
1281,43.05762128,141.35980306
1282,43.05941396,141.35563062
1283,43.053691400000005,141.35707686
1284,43.052495040000004,141.3573776
1285,43.05483201999999,141.35679304
1286,43.05211746,141.35421688000002
1287,43.057639879999996,141.35123204
1288,43.056488820000006,141.35152060000001
1289,43.05326608,141.35392646
1290,43.053770712500004,141.34894287499998
1291,43.05147373,141.34950821
1292,43.04558586666666,141.35010873333331
1293,43.04866115000001,141.34977
1294,43.05131585714286,141.33506694285717
1295,43.05262588571429,141.34922197142856
1296,43.05084916,141.32827351999998
1297,43.060091420000006,141.34896512
1298,43.057414460000004,141.34964054000002
1299,43.0616164,141.34857985
1300,43.058568775,141.34934125
1301,43.056272459999995,141.34992714
1302,43.059074475,141.34438175
1303,43.0579250375,141.3446675
1304,43.0792239,141.3895552
1305,43.10195714,141.39500578
1306,43.068847999999996,141.40437637999997
1307,43.075371440000005,141.41041158
1308,43.0725908,141.41172126
1309,43.04749486666666,141.39295676666666
1310,43.0608404,141.41515185000003
1311,43.05887695,141.41276729999998
1312,43.064752366666674,141.42021426666668
1313,43.053800179999996,141.41186478
1314,43.05301304000001,141.41320378
1315,43.06164232,141.40962632
1316,43.05747888,141.41659252
1317,43.0585361,141.4148225
1318,43.056848849999994,141.41767794999998
1319,43.064494100000005,141.41377440000002
1320,43.0630708,141.4161067
1321,43.0606283125,141.42062474999997
1322,43.0582597,141.4193121
1323,43.0504513,141.4217818
1324,43.04360453333334,141.42616869999998
1325,43.0514907,141.4282549
1326,43.05441686,141.37192598
1327,43.04334623333333,141.4010841
1328,43.0502775,141.37319863333332
1329,43.04944313333334,141.37455226666665
1330,43.04849353333333,141.37608546666664
1331,43.05255482,141.36745128
1332,43.0470332,141.37359535000002
1333,43.0306254,141.3571375
1334,43.0184808,141.3542811
1335,43.0726861,141.3751496
1336,43.0443191,141.3308269
1337,43.04463706000001,141.33591471999998
1338,43.055731740000006,141.33717794
1339,43.037144999999995,141.33861539999998
1340,43.04059,141.3401886
1341,43.05729490000001,141.34000275
1342,43.0568765,141.33688815714282
1343,43.0891637,141.311505025
1344,43.04785416666667,141.33380426666668
1345,43.0518776,141.3213619
1346,43.0533325,141.3238039
1347,43.056273100000006,141.33220395
1348,43.05835488,141.33328516
1349,43.06280176,141.32155082
1350,43.06092655,141.34391485
1351,43.05983825,141.344187325
1352,43.061891975,141.34207705
1353,43.0622404625,141.3355267125
1354,43.062453762500006,141.337083375
1355,43.062667,141.338641225
1356,43.0594405875,141.31497002499998
1357,43.06074938,141.32461694
1358,43.06022656,141.32076263999997
1359,43.060050479999994,141.31941888
1360,43.066196919999996,141.33775527999998
1361,43.06690742,141.33434033999998
1362,43.06470913999999,141.32683821999998
1363,43.065343580000004,141.33151641999999
1364,43.06449644,141.32528284
1365,43.06472452,141.31827335999998
1366,43.06306014285714,141.31410642857142
1367,43.06491704,141.32839606
1368,43.06513149999999,141.32995462
1369,43.06729244,141.33747374
1370,43.065636819999995,141.32499448
1371,43.065095819999996,141.32099542
1372,43.06542789999999,141.32343446
1373,43.06584986,141.32655212
1374,43.066067860000004,141.3281073
1375,43.06627552,141.3296641
1376,43.0649056625,141.319615975
1377,43.066486219999994,141.33123086
1378,43.06720808,141.32782066
1379,43.0671904875,141.31903632499998
1380,43.06805184,141.33405352
1381,43.06783966,141.33249508
1382,43.06741484,141.32937809999999
1383,43.06792498,141.32441060000002
1384,43.066009512499996,141.319333225
1385,43.06699258,141.32625956
1386,43.068256119999994,141.33542626
1387,43.06678044,141.32469550000002
1388,43.06762726,141.330938
1389,43.06834844000001,141.3275285
1390,43.068559359999995,141.32908644
1391,43.0674564,141.3156558
1392,43.068136800000005,141.32597018
1393,43.06928066,141.32568002
1394,43.0706348,141.3269515
1395,43.06970206,141.32880003999998
1396,43.070422959999995,141.32538814000003
1397,43.0703623375,141.31726275000003
1398,43.06906698,141.3241236
1399,43.069492759999996,141.32724248
1400,43.07250404,141.32325478
1401,43.07330277142857,141.3187984142857
1402,43.072905825,141.30875356250002
1403,43.07330108,141.31199614
1404,43.0770984,141.3042604
1405,43.071637666666675,141.30191846666668
1406,43.061453366666676,141.31149878333335
1407,43.0648483,141.30490432
1408,43.07066198571429,141.31319767142855
1409,43.073907680000005,141.31672343999998
1410,43.062509175,141.29359374999999
1411,43.06607384,141.29806238
1412,43.06457586666667,141.2961978666667
1413,43.06604966,141.30270424
1414,43.06903466666666,141.30654348333331
1415,43.0675655,141.29992513999997
1416,43.06962025,141.2961638
1417,43.07060823333333,141.3037219
1418,43.0744844,141.301403
1419,43.0875917,141.29365723333333
1420,43.088729900000004,141.29169976666665
1421,43.08486875,141.31877025
1422,43.08376106000001,141.31156348000002
1423,43.08009828,141.31066330000002
1424,43.096509960000006,141.30642512
1425,43.0958296,141.30019045
1426,43.09936345,141.30407854999999
1427,43.0909143,141.30845695
1428,43.08354236666667,141.30447696666667
1429,43.0845769,141.30281063333334
1430,43.091873575,141.3068197
1431,43.10339235,141.30409145
1432,43.11534116,141.3347543
1433,43.124527060000005,141.32577268
1434,43.1406955,141.3377514
1435,43.166993520000005,141.34218570000002
1436,43.16966000000001,141.321410225
1437,43.171291599999996,141.31391678
1438,43.1588582,141.2875821
1439,43.1372901,141.2880011
1440,43.1480323,141.29275495000002
1441,43.14453736,141.29768392
1442,43.140887166666666,141.29281206666667
1443,43.164585425,141.31801115000002
1444,43.15361718,141.30980146000002
1445,43.155400825,141.3024728125
1446,43.15185099999999,141.30741534999999
1447,43.1571614,141.30482485000002
1448,43.149678200000004,141.310272025
1449,43.15486975,141.3114609
1450,43.168164059999995,141.31307632
1451,43.16301935,141.32024510000002
1452,43.16939815,141.311384775
1453,43.1626714,141.3121139
1454,43.1623204,141.3109675
1455,43.155543800000004,141.3165095
1456,43.062311666666666,141.3677359666667
1457,43.07475988,141.3484893
1458,43.074552749999995,141.346945875
1459,43.069484375,141.35152325
1460,43.06693175,141.352083425
1461,43.0833038,141.3009179
1462,43.0842935,141.2992162
1463,43.0906845,141.2992816
1464,43.0897843,141.29368303333334
1465,43.074289699999994,141.3537565
1466,43.074025760000005,141.36051166
1467,43.066084000000004,141.36328275
1468,43.066173199999994,141.36445555
1469,43.059206180000004,141.35404084
1470,43.0861301,141.2961166
1471,43.07517586,141.36021490000002
1472,43.07631325999999,141.35992128
1473,43.0933665,141.2875382
1474,43.0900954,141.2894241
1475,43.0910668,141.2877698
1476,43.1657965,141.4156295
1477,43.157001,141.412419
1478,43.15758145,141.4054137
1479,43.1593103,141.405889
1480,43.1605064,141.40971245
1481,43.16359,141.4034185
1482,43.1637551,141.4095691
1483,43.1660075,141.4051765
1484,43.161566,141.4127669
1485,43.1626302,141.4104661
1486,43.1652713,141.395919
1487,43.167537,141.3925305
1488,43.1655547,141.4010681
1489,43.1636426,141.3914768
1490,43.164524,141.3895344
1491,43.1660469,141.3901698
1492,43.15950795,141.38220735
1493,43.16054305,141.37020660000002
1494,43.1616463,141.3576052
1495,43.164689575,141.38762995
1496,43.1648873,141.3856118
1497,43.158635000000004,141.39261315
1498,43.1589662,141.3885953
1499,43.1606258,141.3907452
1500,43.1610291,141.38674394999998
1501,43.1631612,141.3097945
1502,43.1665505,141.310928
1503,43.1705685,141.3128997
1504,43.155918,141.3989167
1505,43.0790407,141.3182287
1506,43.0798127,141.3190692
1507,43.1562159,141.3879247
1508,43.1533452,141.3837444
1509,43.1565687,141.383658
1510,43.1502805,141.3768388
1511,43.1175123,141.28708732500002
1512,43.1629395,141.3157952
1513,43.1639485,141.3218515
1514,43.164735,141.3207557
1515,43.165858400000005,141.3161571
1516,43.07361202,141.34877328000002
1517,43.1488104,141.3161632
1518,43.1612426,141.3363056
1519,43.1674314,141.3400653
1520,43.1581266,141.3379552
1521,43.1588794,141.3389212
1522,43.1591859,141.3365147
1523,43.1593718,141.3396904
1524,43.1637861,141.3427024
1525,43.1619913,141.3451371
1526,43.1519951,141.3153483
1527,43.1565259,141.3172436
1528,43.1574763,141.3179537
1529,43.1602414,141.355706
1530,43.1608132,141.3565586
1531,43.1404231,141.3445611
1532,43.1424501,141.3403345
1533,43.1459382,141.349719
1534,43.1549795,141.351046
1535,43.1589616,141.3037483
1536,43.159009,141.3123329
1537,43.1625634,141.3052625
1538,43.1255716,141.36250665
1539,43.1280307,141.362226
1540,43.1304726,141.36459266666668
1541,43.1506098,141.3114845
1542,43.1514072,141.3128878
1543,43.1549392,141.3079618
1544,43.1537026,141.30482595
1545,43.156514200000004,141.30091945
1546,43.1566073,141.3056377
1547,43.06054588000001,141.36390495999999
1548,43.06075726,141.3654661
1549,43.1380158,141.2889709
1550,43.138924,141.2901847
1551,43.1427778,141.2953398
1552,43.1434483,141.2992583
1553,43.1464487,141.3002218
1554,43.153329,141.2997204
1555,43.1498867,141.300106
1556,43.1500932,141.305084
1557,43.0924092,141.3015941
1558,43.0955474,141.3053764
1559,43.0963189,141.3046474
1560,43.0826759,141.403672
1561,43.05865303999999,141.32675868
1562,43.089006600000005,141.3346085
1563,43.08975528,141.33996038
1564,43.089348359999995,141.33697362
1565,43.08955148,141.3384673
1566,43.0816066,141.3076396
1567,43.0825308,141.3102109
1568,43.0858801,141.2998427
1569,43.088071,141.3133239
1570,43.0932957,141.3044652
1571,43.07856325,141.2988609
1572,43.0795448,141.34890460000003
1573,43.087127779999996,141.34374538
1574,43.087834279999996,141.34356716
1575,43.08854709999999,141.3433864
1576,43.08924902,141.34321346
1577,43.088581,141.3070894
1578,43.0889858,141.3065694
1579,43.0536028,141.3133634
1580,43.07764105,141.3222216
1581,43.0817344,141.321162
1582,43.06274095,141.34829455
1583,43.0589862,141.35242548000002
1584,43.0610861,141.3579264
1585,43.06344871666667,141.33521751666666
1586,43.06387681666667,141.33833773333333
1587,43.0673689,141.3551274
1588,43.0674674,141.3558333
1589,43.060422349999996,141.31473095
1590,43.06883348,141.34837584000002
1591,43.0674491,141.309429
1592,43.0708576,141.3655874
1593,43.0742611,141.362223
1594,43.074535299999994,141.355530625
1595,43.086096749999996,141.352627825
1596,43.08825615,141.352110875
1597,43.067600649999996,141.29531107500003
1598,43.06912,141.2970692
1599,43.0876978,141.3359418
1600,43.0885003,141.3307315
1601,43.078386550000005,141.308951425
1602,43.0696104,141.3123623
1603,43.0700265,141.314688
1604,43.0702258,141.3127651
1605,43.0719335,141.3142993
1606,43.0741947,141.3104621
1607,43.0692977,141.3097708
1608,43.074255449999995,141.3064333
1609,43.0792091,141.3126606
1610,43.084979,141.3128975
1611,43.0857634,141.313755
1612,43.0824957,141.3162145
1613,43.08871,141.3386801
1614,43.0889439,141.3401675
1615,43.090571440000005,141.34609838
1616,43.0833814,141.3274749
1617,43.089681950000006,141.35176845
1618,43.0913018,141.35137832499998
1619,43.0867482,141.3574109
1620,43.0884485,141.3585058
1621,43.088575899999995,141.36008875
1622,43.0900079,141.3597534
1623,43.0826698,141.363307225
1624,43.083388279999994,141.35974535999998
1625,43.0841908,141.3563478
1626,43.084555800000004,141.35940714999998
1627,43.0856075,141.3608107
1628,43.0848287,141.3610045
1629,43.0734601,141.3737391
1630,43.0746246,141.3736443
1631,43.0754527,141.3669335
1632,43.0764341,141.3692412
1633,43.0776441,141.3691113
1634,43.0736689,141.3753399
1635,43.0754093,141.3715192
1636,43.0759543,141.3660525
1637,43.0284838,141.3523866
1638,43.033632499999996,141.33740304999998
1639,43.036975133333335,141.33697456666667
1640,43.0388973,141.3367265
1641,43.04038846666666,141.3365441
1642,43.04322425,141.33611194999997
1643,43.04636895,141.3357102
1644,43.04979255,141.3352712
1645,43.04974633333333,141.34963016666669
1646,43.052257049999994,141.33495915
1647,43.047585,141.32187065
1648,43.0491631,141.3249407
1649,43.0496119,141.3284334
1650,43.0456803,141.3306515
1651,43.0461003,141.3323128
1652,43.0434592,141.3398205
1653,43.0436051,141.3417917
1654,43.061283933333335,141.37973946666668
1655,43.0619043,141.3814089
1656,43.062205625000004,141.379083825
1657,43.06291865,141.3785209
1658,43.05591283333333,141.37232550000002
1659,43.05680378571429,141.37122615714284
1660,43.05967663333334,141.3740892333333
1661,43.059776049999996,141.3763376
1662,43.061479274999996,141.375025375
1663,43.06067565,141.3833303
1664,43.0586072,141.3795265
1665,43.0605322,141.37796265
1666,43.0615428,141.3774708
1667,43.0483007,141.3958884
1668,43.05085855,141.40178155
1669,43.051273525,141.39751339999998
1670,43.0526914,141.392369
1671,43.054948675,141.39205262500002
1672,43.0567889,141.3786132
1673,43.0582185,141.381691
1674,43.054780674999996,141.3866385
1675,43.0492886,141.3772126
1676,43.0538993,141.378006
1677,43.0467075,141.3813828
1678,43.0480678,141.3821569
1679,43.055652525000006,141.327565
1680,43.05261285,141.35878695
1681,43.0530973,141.3591541
1682,43.1344927,141.3246275
1683,43.1319026,141.3453267
1684,43.1562042,141.3613124
1685,43.157218719999996,141.36147536
1686,43.1519577,141.36577655
1687,43.1523458,141.3629643
1688,43.1529714,141.3580239
1689,43.1218357,141.3028957
1690,43.1249934,141.306047
1691,43.130453,141.3115264
1692,43.1091699,141.29997035
1693,43.1126091,141.3012248
1694,43.1130957,141.30404314999998
1695,43.1138805,141.2989254
1696,43.11504375,141.3006263
1697,43.1242133,141.3101268
1698,43.1238942,141.31503045
1699,43.12954895,141.3124067
1700,43.130502,141.3208849
1701,43.132032075,141.321276175
1702,43.13817623333333,141.3169633
1703,43.0843348,141.3240176
1704,43.0855252,141.3253357
1705,43.0859245,141.3193693
1706,43.0901608,141.3235408
1707,43.0931224,141.3098944
1708,43.09395235,141.3108034
1709,43.0941066,141.3081035
1710,43.0949117,141.3091502
1711,43.0918659,141.3144881
1712,43.126590300000004,141.3177479
1713,43.1278795,141.3155822
1714,43.1291307,141.3175559
1715,43.1302381,141.3155789
1716,43.1334853,141.3216093
1717,43.1348297,141.3219328
1718,43.1351848,141.3191614
1719,43.1355217,141.3165165
1720,43.1360205,141.3222189
1721,43.1363739,141.3194342
1722,43.143013525,141.323855225
1723,43.136151266666666,141.33312569999998
1724,43.1368044,141.32833749999998
1725,43.1372271,141.32540183333333
1726,43.1381319,141.3483781
1727,43.13279,141.3380712
1728,43.1339765,141.3383462
1729,43.0567615,141.3092215
1730,43.1297304,141.3290482
1731,43.131379,141.3264704
1732,43.1316827,141.3240337
1733,43.1327092,141.3297459
1734,43.133298,141.3269156
1735,43.134027700000004,141.32735695
1736,43.1342268,141.3260437
1737,43.1302922,141.3347714
1738,43.131472200000005,141.3376707
1739,43.1338129,141.3300099
1740,43.1286292,141.3370919
1741,43.129686,141.3399979
1742,43.11992766666666,141.33931893333332
1743,43.1276228,141.3338602
1744,43.1031119,141.3107489
1745,43.1040697,141.3090135
1746,43.1079569,141.3019984
1747,43.1091805,141.30352105
1748,43.1098058,141.3062931
1749,43.1112322,141.3037196
1750,43.1115247,141.3108536
1751,43.1118875,141.306367
1752,43.1132357,141.3077743
1753,43.149887,141.3598663
1754,43.1506383,141.3554004
1755,43.1513576,141.360207
1756,43.1448606,141.3695246
1757,43.14508229999999,141.36605643333334
1758,43.14564,141.3708512
1759,43.1457846,141.3660978
1760,43.1472195,141.3699282
1761,43.1327569,141.4331023
1762,43.1271455,141.4155638
1763,43.1079616,141.3058034
1764,43.1088151,141.30808
1765,43.1088562,141.3156607
1766,43.1095767,141.3143651
1767,43.1119438,141.3176464
1768,43.1185077,141.3128318
1769,43.11350215,141.31480562500002
1770,43.1145452,141.3129064
1771,43.1020192,141.3138838
1772,43.1025172,141.3142825
1773,43.1012474,141.3204537
1774,43.1117866,141.3221539
1775,43.1141016,141.3211624
1776,43.1178187,141.314134
1777,43.1178136,141.3221555
1778,43.1195788,141.3188405
1779,43.1174207,141.3187064
1780,43.1228199,141.3207665
1781,43.1264724,141.3222974
1782,43.0937728,141.3212816
1783,43.097095,141.3207148
1784,43.0973457,141.3243671
1785,43.1034838,141.3253857
1786,43.1055255,141.3216871
1787,43.103123,141.3293516
1788,43.1056291,141.3250741
1789,43.1088062,141.3191665
1790,43.1091453,141.3345544
1791,43.1118153,141.3254827
1792,43.1254054,141.3242045
1793,43.120892,141.324375
1794,43.117074,141.3274127
1795,43.122978,141.3285665
1796,43.1112211,141.33065
1797,43.1119734,141.329108
1798,43.11258144,141.3319975
1799,43.1134445,141.3303667
1800,43.1140902,141.3291653
1801,43.1149937,141.327461
1802,43.1105128,141.338479
1803,43.1128258,141.3363442
1804,43.1150138,141.339606
1805,43.1177405,141.3417948
1806,43.1140676,141.3334916
1807,43.11672179999999,141.33607523333333
1808,43.1169768,141.3316922
1809,43.1190399,141.331807
1810,43.1196208,141.334647
1811,43.0723244,141.3849184
1812,43.0753067,141.3905536
1813,43.0757618,141.382493
1814,43.092901,141.3260926
1815,43.0944637,141.3258502
1816,43.0949684,141.3278907
1817,43.0904876,141.3349626
1818,43.0971286,141.3338389
1819,43.0989574,141.3376247
1820,43.0994696,141.3280722
1821,43.096484,141.3413847
1822,43.098385,141.3409015
1823,43.09549035,141.34647455
1824,43.0958466,141.3446316
1825,43.1011164,141.3341737
1826,43.1014763,141.3335644
1827,43.1018293,141.3378826
1828,43.1027716,141.3397941
1829,43.1030027,141.341347
1830,43.1038304,141.3330802
1831,43.104896350000004,141.336510225
1832,43.10568685,141.3371578
1833,43.1066156,141.33798969999998
1834,43.1067481,141.3352879
1835,43.1026379,141.3431657
1836,43.1055593,141.3407014
1837,43.1074734,141.3415966
1838,43.109739,141.3406541
1839,43.0938251,141.3604804
1840,43.095133,141.3619099
1841,43.09527895,141.35366725
1842,43.112513899999996,141.3770189
1843,43.1155629,141.37311920000002
1844,43.1183307,141.3975958
1845,43.1284611,141.3692851
1846,43.129447,141.3838012
1847,43.1327207,141.3795815
1848,43.1209432,141.4031897
1849,43.12233445,141.40762504999998
1850,43.1261083,141.4003687
1851,43.1351562,141.3633585
1852,43.1356048,141.3601409
1853,43.137665850000005,141.35033655
1854,43.1292938,141.3634605
1855,43.1312864,141.3629885
1856,43.1381177,141.3547548
1857,43.1333095,141.3509906
1858,43.1282642,141.3544925
1859,43.1239444,141.3484241
1860,43.1263123,141.3509741
1861,43.1300973,141.3501854
1862,43.1193738,141.35079230000002
1863,43.1225004,141.358617
1864,43.1226694,141.3603726
1865,43.1066807,141.347591375
1866,43.1153293,141.3473372
1867,43.115651650000004,141.35023815
1868,43.1159378,141.35174215
1869,43.1171777,141.3499359
1870,43.117331,141.3511239
1871,43.118578799999995,141.35236415
1872,43.108513,141.36816605
1873,43.111620599999995,141.3674619
1874,43.11429235,141.36681725
1875,43.11813935,141.36917555
1876,43.119106450000004,141.36564744999998
1877,43.1166185,141.3578117
1878,43.116888700000004,141.35967219999998
1879,43.1171761,141.3621266
1880,43.1118243,141.3590205
1881,43.1120914,141.3608449666667
1882,43.1124527,141.363343
1883,43.1127169,141.3651802
1884,43.10584185,141.354202175
1885,43.1070069,141.3494824
1886,43.107054,141.3507874
1887,43.107459399999996,141.35379269999999
1888,43.1078877,141.3492641
1889,43.1071806,141.3571401
1890,43.1081416,141.3568998
1891,43.1096404,141.3565127
1892,43.1091184,141.3641348
1893,43.109798,141.3594245
1894,43.1101648,141.3612163
1895,43.1108601,141.3591433
1896,43.105622,141.3636645
1897,43.105921466666665,141.36885683333333
1898,43.1089741,141.3714822
1899,43.1097252,141.39805245000002
1900,43.1201504,141.4183695
1901,43.106772,141.3756054
1902,43.1072334,141.3779697
1903,43.107532899999995,141.3801118
1904,43.1076742,141.3718075
1905,43.1083836,141.3751523
1906,43.1086819,141.377702
1907,43.10108635,141.38971020000002
1908,43.1026617,141.3880843
1909,43.105656520000004,141.43060064
1910,43.1060359,141.4296557
1911,43.10676655,141.42793855
1912,43.0928163,141.3625304
1913,43.100161299999996,141.3652756
1914,43.1006601,141.4175112
1915,43.0991219,141.39522565
1916,43.0995172,141.3935612
1917,43.09990575,141.39465045
1918,43.1017022,141.396843
1919,43.0937604,141.4252893
1920,43.076194,141.3765754
1921,43.07690685,141.37431464999997
1922,43.0779284,141.3835758
1923,43.0784836,141.3822241
1924,43.0785616,141.373422
1925,43.1004787,141.3679685
1926,43.10085565,141.3700461
1927,43.1017281,141.3770274
1928,43.101735250000004,141.36983164999998
1929,43.083100449999996,141.3664
1930,43.0844966,141.3677968
1931,43.0851255,141.3643005
1932,43.0873092,141.3637419
1933,43.0986972,141.3963673
1934,43.0972919,141.3692244
1935,43.0992999,141.3672455
1936,43.100213825,141.373741425
1937,43.1004017,141.3751523
1938,43.1012639,141.3734817
1939,43.0859075,141.368861
1940,43.0878192,141.366965
1941,43.0894657,141.37282199999999
1942,43.092579900000004,141.37206355
1943,43.0936375,141.3686395
1944,43.0938605,141.3702341
1945,43.09500385,141.37148725
1946,43.0966427,141.3732302
1947,43.083020950000005,141.37431694999998
1948,43.0850917,141.3722298
1949,43.0882807,141.3702862
1950,43.0905872,141.3694157
1951,43.0776832,141.39699935
1952,43.078889450000005,141.39399395
1953,43.0811175,141.3786073
1954,43.0814486,141.3807879
1955,43.0808634,141.3819855
1956,43.08208904999999,141.3860374
1957,43.095826375,141.383802925
1958,43.09593875,141.38130212500002
1959,43.096902,141.38115814999998
1960,43.09699825,141.38581325
1961,43.097739399999995,141.38101899999998
1962,43.0982436,141.3809985
1963,43.0998073,141.3804565
1964,43.0856227,141.3760463
1965,43.0901773,141.3763706
1966,43.094302,141.3739915
1967,43.09529223333334,141.37361316666667
1968,43.090458475000005,141.38989645
1969,43.0974629,141.3929432
1970,43.089575,141.381605
1971,43.0915709,141.3799523
1972,43.088989549999994,141.38459365
1973,43.0894581,141.382807
1974,43.090649299999995,141.38497239999998
1975,43.088872433333336,141.38874333333334
1976,43.0847666,141.3896158
1977,43.0855814,141.3919852
1978,43.0838759,141.4033026
1979,43.0882862,141.4062036
1980,43.089252,141.4041698
1981,43.09006713333333,141.40472116666666
1982,43.070760050000004,141.33717765
1983,43.0822727,141.3416787
1984,43.062336,141.3917445
1985,43.062829300000004,141.38764270000001
1986,43.0639561,141.3870833
1987,43.0539684,141.4044364
1988,43.0578434,141.4006237
1989,43.0916219,141.3289537
1990,43.0670101,141.3949929
1991,43.06714595,141.3991643
1992,43.06198105,141.40245775
1993,43.063576999999995,141.4039844
1994,43.0636726,141.4061739
1995,43.0659786,141.4063312
1996,43.0665637,141.4009522
1997,43.0666247,141.402738
1998,43.06441185,141.4081626
1999,43.07276125,141.40925744999998
2000,43.074466,141.4128322
2001,43.0834674,141.4259502
2002,43.084842,141.4301744
2003,43.0464583,141.4033586
2004,43.0478662,141.4078899
2005,43.048673300000004,141.40237630000001
2006,43.0504145,141.410501
2007,43.0526047,141.4068562
2008,43.0528407,141.4057496
2009,43.054592850000006,141.41324155
2010,43.05516055,141.408656
2011,43.0563812,141.4101935
2012,43.0567443,141.4070236
2013,43.0737101,141.4160007
2014,43.0661571,141.4110005
2015,43.0485566,141.4139427
2016,43.0510984,141.4130817
2017,43.0523982,141.4165981
2018,43.0465842,141.42096275
2019,43.060068699999995,141.4141863
2020,43.0601585,141.41211
2021,43.0608925,141.4128918
2022,43.0640243,141.4132204
2023,43.0508278,141.43163495
2024,43.0509941,141.4306984
2025,43.0846754,141.4369749
2026,43.0616952,141.413788
2027,43.0638326,141.41867
2028,43.0540917,141.417872
2029,43.0557279,141.4145931
2030,43.1076629,141.3400932
2031,43.0536605,141.4252409
2032,43.0548518,141.4209974
2033,43.0506146,141.4331897
2034,43.0560853,141.42711285000001
2035,43.056286199999995,141.42778953333334
2036,43.0575154,141.42474735000002
2037,43.058783,141.4186085
2038,43.05963255,141.4224775
2039,43.0625431,141.4244785
2040,43.0626339,141.4237937
2041,43.0574789,141.4185958
2042,43.0962352,141.3219086
2043,43.1026399,141.3269159
2044,43.060035,141.4307727
2045,43.0644961,141.4299724
2046,43.0644583,141.4292702
2047,43.06451585,141.4276481
2048,43.0646551,141.4248371
2049,43.0844518,141.443865
2050,43.0843753,141.4470853
2051,43.0843099,141.4488962
2052,43.1168443,141.3159761
2053,43.0534518,141.4437425
2054,43.0643215,141.4335804
2055,43.0642229,141.4368553
2056,43.0629212,141.4406678
2057,43.0642177,141.4391812
2058,43.060256,141.4405117
2059,43.0573065,141.4337517
2060,43.0581361,141.4379835
2061,43.0569949,141.4403483
2062,43.0512426,141.4394204
2063,43.0548106,141.4359824
2064,43.0543965,141.4383648
2065,43.050687,141.4446192
2066,43.0528697,141.4470697
2067,43.05204255,141.4354813
2068,43.1211864,141.3158263
2069,43.1235667,141.3113468
2070,43.1145521,141.3362219
2071,43.1134337,141.3352131
2072,43.1174857,141.3385297
2073,43.0797059,141.35044895
2074,43.0821229,141.34500565000002
2075,43.082829700000005,141.34482105
2076,43.1115726,141.3338803
2077,43.065789360000004,141.35236464
2078,43.06255192,141.34673053999998
2079,43.1626556,141.3934466
2080,43.0521244,141.3084939
2081,43.06734315,141.3454715
2082,43.0595283,141.35644754999998
2083,43.05956855,141.35233735
2084,43.0593343,141.3506728
2085,43.0589379,141.3477342
2086,43.0582736,141.3428641
2087,43.0586218,141.3541068
2088,43.058006,141.3495927
2089,43.0571292,141.3431401
2090,43.0565777,141.3434205
2091,43.0553888,141.3565116
2092,43.0545465,141.3502576
2093,43.0543262,141.3486848
2094,43.0541209,141.347132
2095,43.0548772,141.3576197
2096,43.0534878,141.3457834
2097,43.05269115,141.35407755
2098,43.0528809,141.3555324
2099,43.0522537,141.3508344
2100,43.0499506,141.3590705
2101,43.0518132,141.357423
2102,43.0516393,141.358394
2103,43.0509771,141.3561102
2104,43.051966,141.34395855000002
2105,43.0509603,141.34577245
2106,43.0505922,141.3409045
2107,43.067222474999994,141.3630126
2108,43.06492215,141.36454555
2109,43.064154,141.3672702
2110,43.0656591,141.3696398
2111,43.0620502,141.3578703
2112,43.0643543,141.3694178
2113,43.0644484,141.3747884
2114,43.0603515,141.3631488
2115,43.0597462,141.36599719999998
2116,43.059298150000004,141.36341314999999
2117,43.058156499999996,141.3637077
2118,43.056478,141.35929520000002
2119,43.056702099999995,141.36085065
2120,43.0569322,141.3624012
2121,43.0567101,141.3631564
2122,43.0551458,141.3596266
2123,43.0541476,141.3598792
2124,43.0664766,141.3067176
2125,43.0703292,141.3462905
2126,43.0437596,141.350362
2127,43.0573034,141.3126613
2128,43.0605546,141.3004193
2129,43.056887,141.3038083
2130,43.070407625,141.37136410000002
2131,43.073838280000004,141.37663479999998
2132,43.0857959,141.3284868
2133,43.0834393,141.3283933
2134,43.0820642,141.3293668
2135,43.0862645,141.3289399
2136,43.079446950000005,141.330604
2137,43.0762151,141.3294912
2138,43.0794129,141.329415
2139,43.0731212,141.3283118
2140,43.072934,141.3324962
2141,43.0703505,141.332461
2142,43.069908,141.3302385
2143,43.0713606,141.3195538
2144,43.0703982,141.3208246
2145,43.0709197,141.3200175
2146,43.0718068,141.3273637
2147,43.0546753,141.3189557
2148,43.0669125,141.3180286
2149,43.0501256,141.3230253
2150,43.0658398,141.3180962
2151,43.0636546,141.3199315
2152,43.063527066666666,141.3169229
2153,43.0622677,141.3170676
2154,43.06203453333334,141.31588083333335
2155,43.062593050000004,141.31451055
2156,43.0616216,141.312866
2157,43.063024899999995,141.33210129999998
2158,43.06256346666667,141.32906533333335
2159,43.0619801,141.3244338
2160,43.0609453,141.3310159
2161,43.06110795,141.32759195
2162,43.059857,141.32639999999998
2163,43.0596558,141.3165495
2164,43.0577327,141.328712
2165,43.05641572500001,141.324533775
2166,43.05617945,141.31717855
2167,43.055979,141.3159591
2168,43.0431516,141.3579654
2169,43.0567989,141.3319612
2170,43.0557949,141.3288928
2171,43.1036827,141.4073698
2172,43.0689631,141.3450088
2173,43.0696206,141.3497048
2174,43.0694308,141.348354
2175,43.0700496,141.3528199
2176,43.1085958,141.3315592
2177,43.1055972,141.3292066
2178,43.1048435,141.3286231
2179,43.1041225,141.3280573
2180,43.1003096,141.3250683
2181,43.0545225,141.3661501
2182,43.05345385,141.36598125
2183,43.0530151,141.36672963333334
2184,43.0538095,141.36533335
2185,43.05375125,141.3688471
2186,43.0649979,141.3511381
2187,43.0651616,141.3524335
2188,43.0720966,141.3009043
2189,43.06956215,141.3055975
2190,43.0723821,141.3004065
2191,43.0671216,141.31024
2192,43.0663493,141.31158685
2193,43.0657117,141.3129588
2194,43.0684926,141.307723
2195,43.0741044,141.2977303
2196,43.049669800000004,141.3677132
2197,43.0510678,141.3669341
2198,43.0501581,141.3661714
2199,43.0504397,141.368105
2200,43.054267,141.3644932
2201,43.0779822,141.3052331
2202,43.0813936,141.3058294
2203,43.080629,141.3069954
2204,43.0800311,141.3063594
2205,43.055677,141.3190345
2206,43.0720752,141.3553357
2207,43.0717116,141.3561402
2208,43.0748179,141.3539381
2209,43.1072197,141.3386533
2210,43.1639544,141.3581149
2211,43.0817526,141.35210165
2212,43.0844663,141.3515144
2213,43.085178,141.3513325
2214,43.0783098,141.3659582
2215,43.1228622,141.35415360000002
2216,43.0525317,141.3697769
2217,43.055150850000004,141.36900865
2218,43.0564211,141.3706174
2219,43.0511027,141.3706573
2220,43.05043775,141.37144619999998
2221,43.0489769,141.3739078
2222,43.0510627,141.3721532
2223,43.0518097,141.3730137
2224,43.0497292,141.3726998
2225,43.0553796,141.3730233
2226,43.0569927,141.3720387
2227,43.0591072,141.3706211
2228,43.042284,141.4003062
2229,43.0461325,141.3581896
2230,43.0540194,141.3296614
2231,43.0545693,141.378931
2232,43.0560191,141.380902
2233,43.05932085,141.37233665000002
2234,43.0605651,141.3697278
2235,43.0554085,141.3812986
2236,43.0982924,141.4227294
2237,43.0978357,141.4224976
2238,43.101889,141.4255377
2239,43.1025309,141.4260387
2240,43.100395633333335,141.43122998333334
2241,43.1011427,141.429606
2242,43.0975445,141.4287545
2243,43.0673949,141.350524
2244,43.06500133333333,141.36268226666667
2245,43.104109,141.4344432
2246,43.0498395,141.3537814
2247,43.0762234,141.4210468
2248,43.0517132,141.3408585
2249,43.0454342,141.4026055
2250,43.0610241,141.3873296
